,tag_Id,Id,dist,positionx,positiony,positionz,orientationx,orientationy,orientationz,orientationw,time
26,tag_26,26,0.3324786441894101,-0.31127366863852335,-0.11836890772319535,-0.012386380595289626,0.9938585542309373,-0.02206648564360305,-0.09053018655739363,-0.05968693085772762,1674669932
