,tag_Id,Id,dist,positionx,positiony,positionz,orientationx,orientationy,orientationz,orientationw,time
15,tag_15,15,0.3955856213647765,-0.3896843209861921,0.0143190000554246,-0.066699914815365,0.9945103340635302,-0.0206767848903756,-0.0299294001774163,0.0981116558440584,1677693382
