,tag_Id,Id,dist,positionx,positiony,positionz,orientationx,orientationy,orientationz,orientationw,time
15,tag_15,15,0.37825451640467134,-0.37430506792571927,-0.03434041890334366,-0.038518286472311036,0.9917760644481813,-0.019670273244507062,-0.11846638783431197,0.04426096803791916,1677695381
