,tag_Id,Id,dist,positionx,positiony,positionz,orientationx,orientationy,orientationz,orientationw,time
26,tag_26,26,0.3162249712614829,-0.3103584399940001,-0.02438158459474,-0.0550081421362242,0.9989612650415274,0.0048459531395611,-0.0452691618953705,0.0019001752790427,1674476525
26,tag_26,26,0.5471275750188402,-0.5398234824526877,-0.0807965140816551,-0.0382817524693224,0.9968602835274554,-0.0027851808249758,-0.066845222289271,0.0423501375491437,1674476531
