,tag_Id,Id,dist,positionx,positiony,positionz,orientationx,orientationy,orientationz,orientationw,time
14,tag_14,14,0.466327110786659,0.331313551100774,0.327773514732668,0.017935225923193,0.898724966424384,-0.024359054165068,0.42429310204467,-0.108052925749297,1675251988
14,tag_14,14,0.9662886026201232,0.7442385470198435,0.5317818398791423,0.3114402231208495,0.811132891376596,0.0729387983690952,0.5764175213903239,-0.0669791404375379,1675253404
14,tag_14,14,1.0545674469625275,0.8607663158878233,0.5000265480182617,0.348354732328569,0.8108228568976623,0.08903675579474835,0.5754880564236533,-0.05875583174107579,1675253787
